-Job Title,Salary Estimate,Job Description,Rating,Company Name,Location,Headquarters,Size,Founded,Type of ownership,Industry,Sector,Revenue,Competitors,hourly,employer_provided,min_salary,max_salary,avg_salary,company_txt,job_state,same_state,age,python_yn,R_studio,spark,aws,excel
Senior Data Scientist,"$86K-$137K
(Glassdoor est.)","GEICO’s Data Science team uses predictive analytics and innovative machine learning models to create value from data. We solve problems across GEICO, from Marketing to Claims and Underwriting, and are responsible for developing and driving strategic modeling initiatives. We see our projects through the entire data science lifecycle, from problem definition to data exploration, data munging, modeling, analysis, and deployment into production systems. We maintain a close partnership with IT to ensure that our models can be deployed quickly and monitored in a flexible deployment framework.

As a Senior Data Scientist, you will serve as a technical and thought leader on this diverse and highly skilled team. You will design and develop inventive solutions to drive innovation and delivery of organizational value. You’ll synthesize large datasets and solve complex problems through the use of advanced machine learning and statistical modeling. You’ll work in a highly collaborative, team environment, guiding and mentoring junior data scientists and collaborating with multiple stakeholders. You will assist management in the communication of insights and the implementation of impactful data science solutions across the organization.

Expected Qualifications:

Advanced degree in a quantitative discipline, such as statistics, data science, computer science, mathematics, engineering, physics, etc.
4 years of experience in designing, developing, evaluating, and deploying predictive modeling, machine learning, advanced analytics
Deep understanding and experience with advanced statistics and modern machine learning predictive techniques, including GLMs, decision trees, forests, boosted ensembles, neural networks, deep learning, and graph analytics.
Superior coding skills using common data science tools, including Python (strongly preferred), R, Linux/Unix command line and shell scripting.
Excellent skill and significant experience in data processing using SQL, Hive, Impala, Spark, or equivalent querying language
Strong experience with distributed storage and big data computing technology, such as AWS, Hadoop, or Spark
Excellent communication skills and experience in working with stakeholders
Passion for extracting hidden insights and building machine learning systems that enhance business outcomes
Note: The safety of our associates, both current and future, is GEICO’s highest priority. At this time, most of our associates are working remotely due to the current COVID-19 pandemic. Candidates who are selected for this position will be trained remotely and must be able to work from home in a designated work area. Once GEICO determines it is safe for associates to return to the office, candidates may be required to work in our Chevy Chase, MD office.

About GEICO
For more than 75 years, GEICO has stood out from the rest of the insurance industry! We are one of the nation's largest and fastest-growing auto insurers thanks to our low rates, outstanding service and clever marketing. We're an industry leader employing thousands of dedicated and hard-working associates. As a wholly owned subsidiary of Berkshire Hathaway, we offer associates training and career advancement in a financially stable and rewarding workplace.

Our associates' quality of life is important to us. Full-time GEICO associates are offered a comprehensive Total Rewards Program*, including:

401(k) and profit-sharing plans
Medical, dental, vision and life insurance
Paid vacation, holidays and leave programs
Tuition reimbursement
Associate assistance program
Flexible spending accounts
Business casual dress
Fitness and dining facilities (at most locations)
Associate clubs and sports teams
Volunteer opportunities
Benefit offerings for positions other than full-time may vary.
GEICO is an equal opportunity employer. GEICO conducts drug screens and background checks on applicants who accept employment offers.

How to Apply

Click ""Apply for Job"" to complete your application. You will need an active email address and phone number. Please upload your resume, preferably as Word .doc files or PDF. Once you begin your application you can save it and access it later. Your application should include any work and/or internship experience from at least the past five years.

#LI-JW1

#DI-JW",3.3,"GEICO
3.3","Chevy Chase, MD","Washington, DC",10000+ employees,1936,Subsidiary or Business Segment,Insurance Carriers,Insurance,$10+ billion (USD),-1,0,0,86,137,111.5,"GEICO
", MD,0,84,1,0,1,1,1
Data Analyst,"$34K-$62K
(Glassdoor est.)","Breckenridge Grand Vacations (BGV) is seeking qualified analysts who will help grow our highly cross-functional analytics department. The Data Analyst is responsible for quantitative& qualitative analysis, reporting, and data mining across all of BGV’s finance, marketing, operations, and sales divisions. At its highest level, this position identifies the business’ analytical needs, collaborates with the analytics team& business intelligence, develops thoughtful analyses, and effectively communicates findings and recommendations to key decision makers including executive leadership. BGV Analysts are highly detail oriented, proactive self-starters, team players, capable of multi-tasking, and can analyze large amounts of data with creativity and innovation in mind. Please visit www.BGVjobs.com to apply!

Data Analyst Essential Duties and Responsibilities(including but not limited to):
Understand and facilitate the integration of various business processes, people, software, data, and relevant technology to identify, configure, and communicate meaningful information that supports and drives decision making across all divisions of the company.
Leverage Tableau, MS Excel, and other BI tools for analysis, reporting, data visualization, self-service support, across disparate systems. Analysts must stay abreast of changes and improvements within the software to maximize value.
Provide pertinent information to BGV managers and executives by assembling and summarizing data, developing thorough analyses, preparing reports, identifying business solutions, making presentations of findings, and recommending courses of action.
Build and maintain analytical models, dashboards, reports, and templates to drive awareness and understanding of key performance indicators while ensuring quality, accuracy, and a focused analytic review.
Utilize data analysis skills to perform full lifecycle analytics including gathering requirements, design and development of analytic data sets, data mining, data quality assessment, data profiling, analytical infrastructure maintenance, and predictive analytics support.
Convert business expectations into data analysis while recognizing the audience and effectively communicating complexities at an executive level.
Analytics Team Cross-Functional Focuses(including but not limited to):

Financial Analysis and Reporting:
Pro forma financial statements; revenue/expense budget development and variance tracking; profit/cost efficiencies; resort financing& hypothecation; accounts receivable management; tax reporting; prospective resort development
Marketing Analysis and Reporting:
Campaign strategy and segmentation; program, CRM, website, lead generation, and call center performance; property tour conversion; tour budgeting; tour show-rate tracking; no show predictions; product affinity; customer list building& targeting
Operations Analysis and Reporting:
Resort occupancy, owner usage, exchange usage, rental inventory and revenue management, average daily rates, guest outreach, owner support, reservation& contact center, vacation rentals, resort operations department performance, guest surveys
Sales Analysis and Reporting:
Sales volume forecasting; inventory control; pricing& commission management; agent performance; tour prospect ranking; tour scheduling enhancements; Volume Per Guest (VPG) budgeting; sales management and administrative initiatives
Required Experience:
2– 5 years of related professional experience developing analytics and working with data in an organization
Bachelor’s degree in Analytics, Finance, Economics, Marketing, Mathematics, Statistics, Real Estate or other related field
MBA/Masters, concentrations, certifications, or specializations in related field a plus
Qualifications:
Advanced abilities in Tableau and MS Excel (other data visualization and BI tools ok but Tableau is preferred)
Experience and knowledge of various statistical programming languages (Python, R, MATLAB)
Proficiency in reading and writing code/queries in SQL and Visual Basic (VBA)
Must be highly detail oriented with strong organizational skills and can multi-task
Possesses excellent interpersonal skills, is a team player, and is an enthusiastic learner& self-starter
Motivated by growth opportunities, looking for the ability to make an impact, appreciates work-life balance, and has an entrepreneurial spirit
Benefit Summary:
Robust Medical, dental, and vision insurance plans and employer match 401(k) plan
Paid holiday time-off and paid volunteer time-off
Recreation and ski pass programs
Tickets to Rockies, Avalanche and Nuggets games, Pepsi Center concerts and events
Discounts on lodging, retail, restaurants, and activities
Employee housing(subject to availability)
About Breckenridge Grand Vacations:

BGV was formed in 1984, serving as the developer, owner, and operator of four Breckenridge Resorts: Gold Point Resort, Grand Timber Lodge, the Grand Lodge on Peak 7 and our newest resort, the Grand Colorado on Peak 8. Winner of the ACE Philanthropic Award in 2016 from the American Resort Development Association (ARDA), Denver Post’s 2018 Top Large Workplace: 1st Place, and winner of the ACE Project of Excellence (Grand Colorado on Peak 8) in 2020 from the American Resort Development Association (ARDA) as the best resort in the world for the year. Breckenridge Grand Vacations is widely recognized as one of the most successful independent developers in the industry.

Here at Breckenridge Grand Vacations, we pride ourselves on always creating Grand vacations for families and friends alike. Our purpose statement sets the stage for impacting the lives not only of our owners and guests, but our employees and our community:The Soul of BGV is creating smiles!",4.5,"Breckenridge Grand Vacations
4.5","Breckenridge, CO","Breckenridge, CO",501 to 1000 employees,1984,Company - Private,"Hotels, Motels, & Resorts",Travel & Tourism,$10 to $25 million (USD),-1,0,0,34,62,48.0,"Breckenridge Grand Vacations
", CO,1,36,1,0,0,0,1
Data & Analytics Consultant,"$77K-$118K
(Glassdoor est.)","WHO WE LOOK FOR

An SEI Consultant is a master communicator and active listener who understands how to navigate an audience. Self-aware, almost to a fault, SEI consultants keenly understand how to adjust their approach based on the situation. Following a logical, fact-based approach, our consultants possess the superior ability to see correlations others may not, ask the right questions and drive solutions.

As super-connectors, our consultants connect not only people, but data, trends and experiences. Mature, humble, and genuine, SEI Consultants frequently go above and beyond for both their clients and their colleagues. SEI Consultants are ethical and trustworthy individuals who do what they say. SEI Consultants have an insatiable curiosity and love to learn. These individuals are commonly tech savvy and early adopters. Their passion for learning is infectious and excites others.

As every project is different, an SEI Consultant must be adaptable and comfortable with unexpected situations. An SEI Consultant must be at ease with ambiguity because although a client knows that a problem exists – they need SEI to figure it out and drive a solution. SEI Consultants define ambition differently. SEI Consultants are authentic, low-maintenance individuals who like to hang out with colleagues outside of work. Whether it be cooking, traveling, hiking, or volunteering, SEI Consultants enjoy working with genuine, thoughtful folks who want to steer clear of the traditional grind and share the joy of day-to-day life and activities with colleagues, friends and family.

WHAT WE DO

Our consultants work with clients at all levels of the organization, from the C-suite to the shop floor, helping them to deliver on their most strategic initiatives. We’re known for making realistic, data-driven decisions that deliver value in tangible ways to our clients. Our clients ask for us on projects that require a superior combination of technical and business capabilities, people and management skills, and a collaborative mindset. We excel in understanding complex programs and strategic initiatives and breaking them into actionable pieces.

We are actively looking for professionals in the following areas:
Data Strategy and Governance
Database Architecture and Development
Data Analysis
Reporting and Data Visualization
The ideal candidate will:
Have experience understanding and solving real business problems
Solid writing and speaking skills to support data storytelling
Ideal candidates may call themselves Data Engineers, Data Scientists and Analysts and Data Governance professionals. Experience may include but is not limited to the following:
Experience with statistical and mathematical modeling, artificial intelligence and machine learning software and methods
Specialization in architecting enterprise solutions with visualizations and data-discovery tools such as Tableau, QlikView, Spotfire, Amazon Web Services, Cloud, Salesforce
Technical capabilities that include designing scalable data architectures, solution performance tuning, and hardware sizing
Experience and knowledge of programming and scripting languages, such as , Python, Java, C#, PL/SQL, R and SAS
Experience and knowledge of relational and dimensional database structures, theories, principles, and practice used in data warehousing and analytics solutions
Experience managing, populating, and querying database technologies including RDBMS, NOSQL, and big data platforms and experience working with these technologies' ecosystems
QUALIFICATIONS

Required
Demonstrated business and technology acumen
Proven track record of delivering results
Experience working with and/or leading a team
Ability to work independently
Ability to work across industries, roles, functions & technologies
Positive can-do attitude
A curiosity for new technology
Authorization for permanent employment in the United States (this position is not eligible for immigration sponsorship)
Preferred
Bachelor’s degree (Mathematics, Computer Science, or related field preferred)
8+ years professional experience
Consulting experience
Experience across our service offerings",4.6,"SEI
4.6","Atlanta, GA","Cincinnati, OH",201 to 500 employees,1992,Company - Private,Consulting,Business Services,$50 to $100 million (USD),-1,0,0,77,118,97.5,"SEI
", GA,0,28,1,0,0,0,1
Data Analyst,"$46K-$65K
(Glassdoor est.)","For more than a decade, Asembia has been working with specialty pharmacies, manufacturers, prescribers, payers and other industry stakeholders to develop solutions for the high-touch specialty pharmaceutical service model.Through collaborative programs, contracting initiatives, patient support hub services and innovative technology platforms, Asembia is committed to positively impacting the patient journey.

Asembia focuses on the specialty pharmacy segment and offers comprehensive hub services, pharmacy network management, group purchasing (GPO) services, innovative technology platforms and more.As a leading industry voice and advocate, Asembia is committed to bringing strategic channel management solutions, leading-edge products and high-touch services to the specialty pharmacy industry that help our customers optimize patient care and outcomes.

Primary Function:

The Technical Analystis responsible for implementing data solutions for varied data reporting needs and act as a Subject Matter Expert (SME) for technical data product offerings.

Job Scope and Major Responsibilities:

·Follow all policies and internal processes to ensure data programs and files are delivered in accordance with the provisions of the Health Insurance Portability and Accountability Act of 1996 and its implementing regulations, as amended (“HIPAA”).

·Design, develop and validate data reporting solutions with minimum supervision

·Evaluate data and report findings for accuracy, completeness, per the data specifications.

·Responsible for monitoring file/data receipt per expected schedules. Identify/escalate/ resolve nonconformances.

·Meet data reporting schedules to external stakeholders/ parties for designated data programs.

·Seek and adopt best practices in data reporting, make recommendations for data processing improvements. Identify opportunities to improve the process and data accuracy.

·Provide ad hoc data analysis to internal and external parties as requested.

· Successful collaboration with other Asembia team members to attain a common goal.

Qualifications:

·Bachelor’s Degree required. B.A./B.S. Information Systems or similar field preferred.

·Minimum 1 to 3 years of experience working in data analytics or Software Quality assurance – preference towards Prescription / pharmaceutical data.

·Must have a working knowledge of SQL.

·Advance level skills in developing solutions using SQL and SSIS preferred, not required.

·Must be detail oriented with the ability focus on complex processing steps.

·Proven track record with taking ownership in data analytics or Software QA analysis.

·Ability to manage multiple initiatives in a fast paced, dynamic environment.

·Strong self-starter with a sense of ownership.

·Excellent organizational and collaboration skills.

Asembia is committed to Equal Employment Opportunity (EEO) and to compliance with all Federal, State and local laws that prohibit employment discrimination on the basis of race, color, age, natural origin, ethnicity, religion, gender, pregnancy, marital status, sexual orientation, gender identity and expression, citizenship, genetic disposition, disability or veteran's status or any other classification protected by State/Federal laws.",3.5,"Asembia
3.5","Florham Park, NJ","Florham Park, NJ",501 to 1000 employees,2004,Company - Private,Biotech & Pharmaceuticals,Biotech & Pharmaceuticals,$5 to $10 million (USD),-1,0,0,46,65,55.5,"Asembia
", NJ,1,16,0,0,0,1,1
"Data Scientist - Statistics, Early Career","$68K-$111K
(Glassdoor est.)","*Organization and Job ID**
Job ID: 310918

Directorate: National Security Directorate

Division: Computing & Analytics

Group: Applied Statistics & Computational Modeling
*Job Description**
This position is for a Scientist in Data Science and Applied or Mathematical Statistics who will provide scientific and technical research within the National Security Directorate (NSD) supporting the data analytics capabilities of the Computational Analytics Division. The Scientist will develop and apply fundamental mathematical or statistical theory to advance analytic solutions in various scientific domains. The Scientist must be able to draw from a strong statistical background, in areas including experimental design, advanced statistical modeling (e.g. mixed linear models, nonparametric models, etc.), machine learning, and computer simulations, to recognize patterns, characterize uncertainty, and develop predictive models using structured and unstructured data. The Scientist will produce solutions driven by domain science and mathematical statistical science from complex and high-dimensional datasets and design, develop, and evaluate advanced algorithms that lead to optimal value extraction from data. In addition to technical research this position expects participation and career development in task management, proposal writing, business development, and publishing.

Operating on the data-information-knowledge continuum, staff at PNNL employ diverse methods to confront significant problems of national interest from distilling distributed data into knowledge that supports decision processes to enabling resilient technologies that enhance computing at extreme scales. Our research portfolio spanning from basic to applied includes statistical modeling and experimental design, applied statistics, applied mathematics, machine learning, operations research, optimization, and other advanced statistical and mathematical domains.

Computing researchers and practitioners work side by side to apply advanced theories, methods, algorithms, models, evaluation tools and testbeds, and computational-based solutions to address complex scientific challenges affecting energy, biological sciences, the environment, and national security. Core domain knowledge is beneficial, such as in the nuclear, biological, energy, materials, or chemical science spaces.
*The hiring level will be determined based on the education, experience, and skill set of the successful candidate based on the following:**
*Level II** : Leads specific tasks of the project to meet scope, schedule and budget. Expected to contribute professionally, building a professional reputation for technical expertise. Fully applying and interpreting standard theories, principles, methods, tools and technologies. Contributes technical content to proposals and develops business through excellent project performance.
*Level III:** Manages small to moderate projects and/or major project tasks. Integrates intellectual and technical capabilities of work teams. Enhances technical/professional skills of junior staff through active mentoring and training. Generates ideas for new proposals and participates in business development activities
*Minimum Qualifications**
+ BS/BA with 2 years of experience, MS/MA with 0 years of experience, or PhD with 0 years of experience
*Preferred Qualifications**
+ BS/BA with 5 years of experience, MS/MA with 3 years of experience, or PhD with 1 year of experience, focused in statistics with experience involving increasing levels of scientific research, task management, and programmatic responsibility

+ Position requires ability to apply theories and develop technical approaches with minimal oversight

+ Position requires the ability to effectively team with scientists and engineers to develop creative solutions to complex problems
*Equal Employment Opportunity**
Battelle Memorial Institute (BMI) at Pacific Northwest National Laboratory (PNNL) is an Affirmative Action/Equal Opportunity Employer and supports diversity in the workplace. All employment decisions are made without regard to race, color, religion, sex, national origin, age, disability, veteran status, marital or family status, sexual orientation, gender identity, or genetic information. All BMI staff must be able to demonstrate the legal right to work in the United States. BMI is an E-Verify employer. Learn more at jobs.pnnl.gov.
*_Please be aware that the Department of Energy (DOE) prohibits DOE employees and contractors from participation in certain foreign government talent recruitment programs. If you are offered a position at PNNL and are currently a participant in a foreign government talent recruitment program you will be required to disclose this information before your first day of employment._**
*Other Information**
Due to business needs and client space, US Citizenship is required:

The Pacific Northwest National Laboratory is subject to the Department of Energy Unclassified Foreign Visits & Assignment Program site, information, technologies, and equipment access requirements.

_Directorate:_ _National Security_

_Job Category:_ _Scientists/Scientific Support_

_Group:_ _Appld Stats & Comp Modeling_

_Opening Date:_ _2020-06-03_

_Closing Date:_ _2020-09-01_",3.8,"Pacific Northwest National Laboratory
3.8","Seattle, WA","Richland, WA",1001 to 5000 employees,1965,Government,Energy,"Oil, Gas, Energy & Utilities",$500 million to $1 billion (USD),"Oak Ridge National Laboratory, National Renewable Energy Lab, Los Alamos National Laboratory",0,0,68,111,89.5,"Pacific Northwest National Laboratory
", WA,0,55,0,0,0,0,1
Data Analyst/Programmer,"$49K-$89K
(Glassdoor est.)","Data Analyst/Programmer


Woodland Hills

Position Overview

Apollo Insurance Solutions Group seeks a Data Analyst/Programmer for its Woodland Hills, CA office. This is a new position being added to our Quantitative Development team. The Quantitative Development team maintains proprietary mortgage investment risk models used for financial reporting, risk measurement, pricing and strategic business decisions.

Primary Responsibilities

Tape cracking:
Field transformation
Data examination
Run the cracked tape through the system
Communicate with the traders on the assumptions
Update tapes once new data available
Maintain and research on the old runs
Ad hoc analysis
Development new applications and maintain the existing ones

Qualifications & Experience

Minimum Bachelor’s degree, ideally an advanced degree, in a Quantitative background (statistics, machine learning, quantitative finance, financial mathematics, computer science, econometrics, physics, mathematics)
Experience working with data processing language, Python is preferred
Experience working with basic tools such as SQL, Excel, etc.
Strong programming skills preferred
Knowledge of finance, capital markets
Detail oriented
Strong communication skills, both written and verbal
Ability to work in a fast-paced environment, under pressure and deliver on time",3.2,"Apollo Global Management
3.2","Woodland Hills, UT","New York, NY",1001 to 5000 employees,1990,Company - Public,Venture Capital & Private Equity,Finance,$1 to $2 billion (USD),-1,0,0,49,89,69.0,"Apollo Global Management
", UT,0,30,1,0,0,0,1
Scientist,"$29K-$65K
(Glassdoor est.)","Join us as we Rise to the Challenge
At KCI, we’re building an enduring company that provides unparalleled value to our employee-owners. We make our mark designing and delivering our world-class solutions, so we invest deeply in developing our team. We reward integrity and commitment, and when we do well, you do well. Our people have freedom to innovate, unlimited growth, a voice that matters, a lifestyle that works, and skin in the game. Because life’s more fun when you own it.
THE COMPANY
KCI Technologies, Inc. is a 100% employee-owned engineering, consulting and construction firm serving clients throughout the United States. KCI is recognized as an industry leader, employing cutting-edge technologies, management practices and strategic growth initiatives. Employee ownership fosters an entrepreneurial spirit, encourages technical expertise, and shapes strategic planning.

Selected candidate will provide environmental regulatory compliance consulting support under a contract with a major regional transit client. In particular, selected candidate will provide technical support to ensure compliance with federal, state and local air quality regulations. Specific air quality compliance consulting duties may include:
Review and evaluate chemical product SDS sheets and information to determine VOC compliance
Assist with air emissions inventories and compliance reporting
Prepare semi-annual reports and annual certification for Title V air permit
Evaluate new facilities or renovated facilities for permit applicability

Bachelor of Science or Master of Science in Natural or Environmental or related field.
Minimum of 2 - 4 years of professional experience.
Pre-employment drug screening is a condition of employment. Background and motor vehicle checks may be required based upon position.

Complete Annual Individual Training Program
Train adequate backup personnel to support your role in your absence
Attend meetings with clients as required
Comply with all KCI policies and procedures
Ensure projects fulfill ISO compliance requirements
Complete other duties as required/assigned
Assist with preparation of proposals and qualifications in repsonse to RFPs and RFQs
Achieve or exceed budgeted individual utilization target(85% typical)
Attend bi-weekly(or more frequently as necessary) meetings with project team on all projects/tasks
Complete all tasks on time and within budget while fully meeting the scope
Operate within specified (corporate or project) budget parameters
Assess and document potential project impacts
Collect required field data using proper protocols and techniques
Lead field surveys
Lead the development of and assemble organized, clear, and cohesive technical reports
Prepare avoidance or minimization recommendations
Prepare mitigation strategy and plan as required
Process field data for inclusion in reports and deliverables
Review and interpret lab results
KCI Technologies, Inc. is an equal opportunity employer. All qualified applicants will receive consideration for employment without regard to race, color, religion, sex, sexual orientation, gender identity, national origin, disability or veteran status.",3.6,"KCI Technologies
3.6","Sparks, MD","Glencoe, MD",1001 to 5000 employees,1988,Company - Private,Architectural & Engineering Services,Business Services,$100 to $500 million (USD),-1,0,0,29,65,47.0,"KCI Technologies
", MD,0,32,0,0,0,0,0
"Data Scientist, Health Economics & Advanced Analytics","$81K-$134K
(Glassdoor est.)","Overview


Avalere Health is seeking a Data Scientist to join our Health Economics & Advanced Analytics (HEAA) Practice. The HEAA practice works with life sciences companies and other healthcare sectors to quantify and communicate the real-world value of healthcare interventions and to align our clients’ business strategies with the evidentiary demands of an increasingly value-driven marketplace. We are driven by deep subject matter expertise, differentiated and proprietary real-world data assets, and an emphasis on sound business strategy coupled with rigorous research and advanced analytic capabilities. The data scientist will serve at the Research Scientist II level and lead and participate in the conceptualization, execution, and delivery of analyses in health economics, comparative effectiveness, performance measure development and testing, outcomes research, and epidemiology.

Responsibilities

Principal Duties and Responsibilities:


Lend deep statistical, epidemiological, and/or econometric expertise to the development of proposals, statements of work, and study protocols/statistical analysis plans
Perform descriptive and advanced statistical analyses using large patient and/or claims databases in support of data mining, predictive modeling, and health outcomes research projects
Develop and author study reports, scientific publications, conference abstracts, and posters
Independently manage workflow and make direct contributions to the research process
Collaborate with cross-functional project teams (project leads, project managers, programmers, research assistants, etc.) to support exceptional execution for clients
Support the growth and development of junior staff focused on related areas
Qualifications

Skills, Experience, and Other Job Related Requirements:


Minimum Requirements:
MA/MS or PhD in epidemiology, data science, health economics, health policy, pharmacy administration, public health, statistics, or related discipline
5+ years of consulting, healthcare, or pharmaceutical/device industry experience
Broad technical knowledge of computational science, including applied statistics, econometrics, predictive modeling, and/or AI/machine learning theory and methods
Proficiency designing and executing observational/outcomes research studies using large administrative medical and pharmacy claims, EMR, and other data derived from various public and private databases
5+ years of experience using statistical software packages such as SAS, R, Python, and/or STATA
3+ years of SQL programming experience
Knowledge of advanced analytics, AI/machine learning theory and methods, and/or econometrics
Experience presenting research results at scientific conferences and/or a record of peer-reviewed publications
Additional Skills and Competencies:
Consulting background preferred
Excellent writing, project management, communication, and presentation skills
Ability to independently manage multiple work streams with limited supervision
Demonstrated problem solving, analytical reasoning, and decision-making skills and strong commitment to meeting goals and deadlines
Excellent teamwork skills and ability to work in a fast-paced, multi-disciplinary environment
Self-motivated with a positive, flexible attitude",3.2,"Avalere Health
3.2","Washington, DC","Washington, DC",201 to 500 employees,2000,Company - Public,Consulting,Business Services,Unknown / Non-Applicable,-1,0,0,81,134,107.5,"Avalere Health
", DC,1,20,1,0,0,0,1
Lead Data Scientist,"$80K-$94K
(Glassdoor est.)","Position: Lead Data Scientist

Location: Cincinnati, OH

Full-time, exempt

Join the PatientPoint Business Intelligence & Data Science team in our new Kenwood Cincinnati headquarters office space. Work for a growing entrepreneurial organization where you can apply your critical thinking skills and your ideas and suggestions are valued. Be a part of a team that implements emerging technology and applies the latest quantitative methods to solve complex problems.

What you will be doing

Far beyond just executing analysis, this key role collaborates, designs and creates statistical models and case study designs that fundamentally change the way we do business. See your greatest works appear in downstream dashboards, mission critical predictive models and processes that are based on successful machine learning.

Work on a team with data engineers that will build data ingestion & transformation processes to support your industry leading data science applications in predictive modeling and machine learning deployments. Design, create and deploy analytics solutions leveraging billions of log records from digital interactive touchscreen devices.

This position offers you a great opportunity to help build out an entire data science roadmap with the flexibility and the responsibility to develop accurate and reliable data products. This person plays an important role in selecting statistical methodologies and therefore must have a passion for staying current on the newest developments in the data science space.

As a data scientist, you will apply your critical thinking skills to understand and, sometimes, reframe high level business questions, prototype new ideas, run experiments, and iterate to better design data driven solutions to business problems. On other projects you might create advanced data queries and scripts for creating useful model features - including leveraging data from multiple external APIs.

There are opportunities to lead client-facing presentations, communication, and overall project ownership. Moreover, there are opportunities for data science thought leadership to lead the data science strategy and execution for large programs.

Plus, there will be minimal travel, we have a new office space, you will have career growth opportunities, you will get interesting projects and can enjoy free coffee!

What you need to be successful

A college degree and several years of work experience. Your experience should include direct hands-on work using analytics to establish and change business policy. MS degree preferred in applied statistics, computer science or engineering.

You must have strong statistical modeling skills. The ideal candidate will have advanced knowledge of machine learning and predictive modeling techniques. You will be asked to provide an example from your experience leading predictive modeling initiatives. You will need these and other skills to mine large amounts of data and perform data analysis to extract actionable insights for a wide range of topics including internal operations, product development, campaign performance, market dynamics, etc.

This position requires that you have mastery and experience with statistical programming in R and Python. You must be very proficient with Python including Pandas, NumPy and Scikit-learn. In R, you must be comfortable with the tidyverse (dplyr and ggplot2) but also specific libraries for training linear and non-linear models, survival analysis, time series forecasting, etc.

Mastery of SQL programming and relational data extract. Data definition, transformation and preaggregation techniques helpful.

Ability to break down complex business and technical problems into opportunities for analytical study. Particularly, you should have experience with and know when to apply regression analysis, A/B testing, power analysis, anomaly detection, model validation and selection, building of ensemble models, network analysis, simulation, conducting inferential analysis with spatial and time series data, nearest neighbor, deep learning methods, etc.

Experience with data visualization tools (ex: Microsoft PowerBI)

Excellent verbal, written, and presentation skills demonstrating an ability to ""tell a story"", listening and persuasion.

Experience with storage and retrieval of data in NoSQL databases helpful.

Visa sponsorship is not available for this position.

Kudos if you have:

Working knowledge of graph databases.

Experience with Microsoft SQL Server Integration Services (SSIS 2012 and higher).

Experience with geospatial analysis.

Experience with reporting using SalesForce Wave or Einstein Analytics

This is an excellent opportunity and includes a competitive pay and benefits package, including health, dental, vision, disability, and life insurance as well as 401(k) retirement plan with matching company contribution, paid time off, and holidays. No relocation is available.

PatientPoint® is a patient engagement solutions company passionately committed to making every doctor-patient engagement better. By harnessing the power of technology, our omnichannel platform more effectively educates and empowers patients, caregivers and staff to deliver improved health outcomes and an enhanced patient experience. For 30 years, hospitals, health systems, physician offices and sponsoring brands have trusted PatientPoint and its more than 450 team members to provide a uniquely integrated experience across care settings. Learn more at patientpoint.com.

Employer is EOE/M/F/D/V",3.9,"PatientPoint
3.9","Cincinnati, OH","Cincinnati, OH",201 to 500 employees,1987,Company - Private,Advertising & Marketing,Business Services,$100 to $500 million (USD),"Outcome Health, Health Media Network, Mesmerize Marketing",0,0,80,94,87.0,"PatientPoint
", OH,1,33,1,0,0,0,1
Senior Healthcare Analyst/Data Scientist,"$52K-$92K
(Glassdoor est.)","This position is responsible for collaborating with clients, operational leads and subject matter experts to develop and implement tactics and strategy for optimizing profitability, clinical performance, member and provider satisfaction and client satisfaction by developing and leveraging analytic tools, financial models and reports, marketing and outreach. In addition to being an expert SAS, Tableau and Excel developer, each Lead Healthcare Analyst is responsible for maintaining close collaborative relationships with one or more DentaQuest Regional Vice Presidents and all client and provider directors and managers within the states in the assigned region, and for presenting recommendations, strategies and findings. The Lead Healthcare Analyst will organize, lead and support efforts to measure, analyze and report on trends enterprise-wide related to provider utilization, reimbursements, access to care, cost management, etc. and identify and promote strategies to positively influence access to quality, cost effective care and improved program performance. This individual will also work with other areas of the company, including Underwriting, Provider Services, Clinical Management and Client Services to assist in the understanding of provider cost and network trends impacting program costs and profitability and to recommend strategies for improvement wherever possible.

PRIMARY JOB RESPONSIBILITIES:
• Lead point of contact for a DentaQuest business region.
• Responsible for tactical and strategic partnership with a Regional Vice President in identifying, interpreting, prioritizing, designing and procuring analyses guide business decisions.
• Responsible for partnering with business and clinical teams and other internal clients and resources to enable and execute impactful, accurate business analytics.
• Lead analytic projects and coordinate teams of analysts and programmers to deliver on internal client needs.
• Develop, maintain and enforce compliance with project and campaign plans.
• Use SAS, Python, R and other tools to analyze complex business challenges and help to define best practices for:
o Outcomes measurement
o Provider optimization
o Benefit structures and algorithms
o System edits, fraud detection, UM and UR
o Member behavior management
• Present technical findings and methodologies and present recommendations to senior clients in written and visual presentations.
• Provide mentoring and support to analysts to assist in their development and ability to meet department needs.
• Monitor and track provider reimbursements to identify strategies to ensure access and profitability targets are met in a manner that is consistent with quality, cost effective care.
• Work with other internal departments as necessary to develop strategies and programs to manage dental costs within each market to assure profitability and budgetary goals are met.
• Provide recommendations on department policies, objectives and initiatives. Evaluate and suggest changes as necessary to optimize processes and efficiencies.
• Participate in special projects as needed or requested.
• Adhere to DentaQuest and Business Analytics business processes, SOPs and quality control standards.

REQUIRED:
• Bachelors degree in Computer Science, Math, Finance, Economics or business-related field or equivalent experience.
• 5+ years experience in data management, analysis and reporting to include experience with combining clinical and financial data.
• Advanced experience with database and business intelligence tools such as SAS, Python, R, Tableau, Cognos, MS Report Manager and Report Builder.
• Experience designing and implementing complex algorithms and/or quality metrics.
• Knowledge of health care industry is preferred.
• Strong foundation in statistical theory and practice required.
• Demonstrated ability to analyze and solve complex problems.
• Excellent PC skills with proficiency in Excel essential.
• Strong customer service and analytical skills.
• Strong time management and business process skills.
• Ability work well with others.
• Ability to meet multiple deadlines in a fast-paced environment.

PHYSICAL DEMANDS:
• Ability to work in a traditional professional office setting or remote equivalent.
• Ability to effectively operate computer equipment.
• Work schedule may vary and is determined by project schedules.
• Ability to travel as projects dictate.
• Ability to efficiently operate all job-related office equipment.
• Ability to communicate via telephone and work in virtual teams.
• Ability to work in a dynamic environment.",3.2,"DentaQuest
3.2","Milwaukee, WI","Boston, MA",1001 to 5000 employees,2001,Company - Private,Insurance Carriers,Insurance,$2 to $5 billion (USD),"MCNA Dental Plans, United Concordia, Delta Dental Plans Association",0,0,52,92,72.0,"DentaQuest
", WI,0,19,1,0,0,0,1
Data Engineer,"$68K-$113K
(Glassdoor est.)","A Bit about Us

Our organization was founded in 1953 by Louis Spaw and Frank Glass, hence the name SpawGlass. With 10 offices across Texas, the company now has approximately 750 employees statewide and is 100 percent employee-owned with ownership open to all employees. Our DNA is comprised of five core values: Build Trust, Be Professional, Live Teamwork, Be Passionate and Think Like an Owner and our purpose is to provide our clients with the absolute best construction experience.

What Sets Us Apart

We don't just build buildings, we build people, and our core values aren't just stated, they're practiced. We not only want to hire difference makers; we also want to retain them. The average tenure of our team members is 10 years – more than twice the median years of tenure in the construction industry nationwide.

Accountabilities:
Build a growth mindset
Develop and maintain excellent relationships with project team members
Assist with the design and management of the technology stack used for data storage and processing.
Analyze and translate business needs into data deliverables
Design and development of API interfaces with off-site application/software suites.
Creation of dashboards, reports or downstream data feeds from existing applications
Create and manage data models, data flow diagrams, data mappings, and data dictionaries
Develop and manage databases, data pipelines, data warehouses, data marts and data lakes
Identify and reconcile data quality and inconsistency issues
Facilitate data integration and transformation requirements for moving data between applications; ensuring interoperability of applications with database, data warehouse and data mart environments
Work with leadership and information security team to ensure confidentiality, integrity and availability of data and recommending improvements
Minimum Education:

A four year technical degree in computer science, engineering, data science or a related field.

Relevant experience with certifications such as MTA-SQL, MCSA Database Development/DBA/BIDS will also be considered.

Experience Required: 6+ years

IT Technologies Preferred:
Microsoft SQL Server
Microsoft Office Suite
Microsoft SSRS
RDBMS
Knowledge of the following is a plus, but not required:
Programming Languages (.NET, VBA, C#, Python)
Microsoft SSAS
Oracle 9i or later
Microsoft Power BI
NoSQL
Data Management Skills Preferred:

Strong understanding of the following:
Database Administration Principles
T-SQL/PSQL
Data Models/Normalizations
Databases
Data Integration
Data Analytics
Knowledge of the following is a plus:
Cloud Data Architecture
Data Warehouses/Data Marts
ETL/API Integrations
Business Intelligence
Master Data Management
Robotic Process Automation (RPA)
Work Environment:

Corporate office environment

Monday – Friday, 8:00 am – 5:00 pm

SpawGlass is an Equal Opportunity Employer.",4.4,"SpawGlass
4.4","Houston, TX","Houston, TX",501 to 1000 employees,1953,Subsidiary or Business Segment,Construction,"Construction, Repair & Maintenance",$500 million to $1 billion (USD),-1,0,0,68,113,90.5,"SpawGlass
", TX,1,67,1,0,0,0,1
AI Data Scientist,"$85K-$137K
(Glassdoor est.)","Why choose between doing meaningful work and having a fulfilling life? At MITRE, you can have both. That's because MITRE people are committed to tackling our nation's toughest challenges—and we're committed to the long-term well-being of our employees. MITRE is different from most technology companies. We are a not-for-profit corporation chartered to work for the public interest, with no commercial conflicts to influence what we do. The R&D centers we operate for the government create lasting impact in fields as diverse as cybersecurity, healthcare, aviation, defense, and enterprise transformation. We're making a difference every day—working for a safer, healthier, and more secure nation and world. Our workplace reflects our values. We offer competitive benefits, exceptional professional development opportunities, and a culture of innovation that embraces diversity, inclusion, flexibility, collaboration, and career growth. If this sounds like the choice you want to make, then choose MITRE—and make a difference with us.

A chance to provide active support to our sponsor’s vital national security mission and to build MITRE’s capabilities in the artificial intelligence and machine learning arenas. This is a strategic leadership role with the successful candidate also advising and working to expand MITRE’s internal capabilities and programs in artificial intelligence and machine learning. The selected candidate will work with MITRE management and sponsors to enhance the robustness of MITRE AI/ML capabilities and to have direct input into immediate and long term AI/ML technical direction of multiple sponsors. While still having a technical focus on current AI/ML technology and trends, this role will have small group management responsibilities and requires knowledge. From the technical side, this role requires the ability to perform technical evaluation and selection of technologies and alternatives for infrastructure and specific applications, formulation of computational strategies and hands on implementation with real world datasets. Activities may include in-depth analysis of technology, planning and conducting experiments, prototypes and simulations, producing assessments, and creating repeatable workflows and underlying technology requirements. On the strategic side, this role requires technical team building and planning for long term growth of MITRE’s support to sponsors in the AI/ML arena. The role also requires the ability to communicate findings and impacts to a diverse audience, including senior decision makers. This is an opportunity to shape and have a long lasting impact on AI/ML for national security tasks.

Technical degree with experience in software engineering and prototyping for analytics.

Minimum of 8 years of experience in a technical field, including but not limited to: Computer Science, Data Science, Computational Analytics, Informatics, or Machine Learning.

Experience with Python, R, and Jupyter Notebooks

Strong analytic, inferencing, critical thinking, and creative problem-solving skills.

Small group leadership experience.

Self-starter with ability to work alone and to build a diverse team.

Strong communication skills and ability to explain technical concepts to non-technical and senior decision-makers

Understanding of systems engineering processes including requirements analysis

Current TS/SCI clearance with polygraph
Desired Skills

Doctorate in computational sciences or related field

Experience with data wrangling for analytics and machine learning

Familiarity with small scale and large scale AI/ML environments

Program strategy development and demonstrated leadership ability

Experience with cloud-based environments and other virtualization technologies

Current TS/SCI clearance with polygraph
Additional comments

Due to the nature of the work and the immediacy of the need, a mandatory requirement is an appropriate, active clearance (TS/SCI with polygraph as accepted by the task sponsor) for the work program.

MITRE is proud to be an equal opportunity employer. MITRE recruits, employs, trains, compensates, and promotes regardless of race, religion, color, national origin, gender, gender expression, sexual identity, disability, age, veteran status, and other protected status.

MITRE intends to maintain a website that is fully accessible to all individuals. If you are unable to search or apply for jobs and would like to request a reasonable accommodation for any part of MITRE’s employment process, please contact MITRE’s Recruiting Help Line at 703-983-8226 or email at recruitinghelp@mitre.org.

Copyright © 1997-2020, The MITRE Corporation. All rights reserved. MITRE is a registered trademark of The MITRE Corporation. Material on this site may be copied and distributed with permission only.",3.2,"MITRE
3.2","McLean, VA","Bedford, MA",5001 to 10000 employees,1958,Nonprofit Organization,Federal Agencies,Government,$1 to $2 billion (USD),"Battelle, General Atomics, SAIC",0,0,85,137,111.0,"MITRE
", VA,0,62,1,0,0,0,0
LEAD COMPUTER SCIENTIST - SR. COMPUTER SCIENTIST - SPACE DATA SYSTEMS,"$75K-$127K
(Glassdoor est.)","Our Space Data Systems team is looking for a Software Lead to manage the development of Java web applications to support a variety of NASA/ESA space missions. The applications support space missions by providing tools for planning mission activities, instrument telemetry data management, data analysis, spaceflight operations tools, and space manufacturing support. Responsibilities will include leading software developers, developing software in Java in accordance with the SDS software engineering process, creating and improving existing web pages with JavaScript, Spring, jQuery, and CSS, writing SQL to work with MariaDB and Oracle databases, and collaborating with scientists and engineers to plan new features and review products in development.


Education/Experience:


Requires a BS or MS degree in Computer Science. Must have at least a 3.0 GPA. Must have at least 5 years of software development experience. Must have experience as a software lead, software technical lead or software project manager. Experience with Java or either C++, C#, Groovy, or Scala and willingness to learn Java is required. JSP, Servlet, Spring, or SQL experience (Oracle or MySQL) is preferred. Experience with JavaScript, jQuery, and CSS is a plus. Experience with Apache HTTPD and Apache Tomcat is a plus. Experience developing solutions from customer interactions is a plus. A valid/clear driver's license is required.


Special Considerations:


Must be a U.S. citizen or Permanent Resident due to ITAR work in section.

Job Locations: San Antonio, Texas


For more information about this division, visit the Space Science & Engineering home page.

An Equal Employment Opportunity/Affirmative Action Employer
Race/Color/Religion/Sex/Sexual Orientation/Gender Identity/National Origin/Disabled/Veteran
Committed to Diversity in the Workplace",4.0,"Southwest Research Institute
4.0","San Antonio, TX","San Antonio, TX",1001 to 5000 employees,1947,Nonprofit Organization,Research & Development,Business Services,$500 million to $1 billion (USD),"Los Alamos National Laboratory, Battelle, SRI International",0,0,75,127,101.0,"Southwest Research Institute
", TX,1,73,0,0,0,0,0
Data Engineer,"$72K-$135K
(Glassdoor est.)","ARC is searching for a Data Engineer to join our team! In this role, you will provide software development and product delivery support for data products and product teams. You will be responsible for product delivery data pipelines and the product lifecycle with direction from the Product Owner, the Solution Owner and technical guidance from Solution Architects.
If you are searching for a position where you can lend your technical expertise and experience professional growth, then we want to hear from you.

Support data pipeline development by contributing to and or leveraging existing architectural patterns to deliver the optimal product related to data; including but not limited to establishing and communicating design patterns, automation, recovery, and operational run books. Mentor other engineers. Cross functional collaboration and provide overall technical and thought leadership to other teams as needed.
Partner with product owners and business SMEs to analyze the business need and provide a supportable and sustainable engineered solution. Ensure that the overall technical solution is aligned with the business needs and adheres to ARC’s Architectural Guiding Principals.
Help drive the creation and modifications of the product portfolio components, identify and engage all technical resources necessary to contribute to the solution. Ensure the solution is consistent with ARC architecture, design and development standards.
Develop data pipelines using industry best practices. Make adjustments to adopt new methodologies that provide the business with increased flexibility and agility.
Stay current with latest cloud technologies, patterns, and methodologies; share knowledge by clearly articulating results and ideas to key stakeholders. May be required to present ideas to larger audience for review and buy-in.

Bachelor’s Degree in Computer Science or related field; or equivalent experience
3+ years of experience with full cycle application development (Full SDLC experience: design, development, delivery, etc.),
3+ years with Agile, Scrum, DevOps, and Continuous Integration and Continuous Delivery
3+ years of experience implementing modern applications using:
Cloud Based Solutions/Technologies (AWS, Google, Azure). AWS tech stack including, but not limited to, Lambda, API Gateway, DynamoDB, S3, Cloudwatch, SNS/SQS, Step Functions, Fargate
Implementation of modern application and infrastructure design patterns, including micro-services and containers, disposable, reactive, stateless and distributed patterns
Open source technologies including, but not limited to, NodeJS, OpenJDK, React, Python and NoSQL, DynamoDB database(s)
Familiarity with DevOps tools including, but not limited to, Terraform/Cloud formation, CI/CD pipe line tool like Jenkins, GIT, Jira, Confluence, Jenkins, Sonar, Nexus, automated test and deployment tools
Data warehouse platforms (such as Snowflake, and Redshift). Expertise with SQL, database design/structures, ETL/ELT design patterns, and datamart structures (star, snowflake schemas, etc.)
Experience w/Data Lake concepts and design patters (AWS S3, parquet, python, lambda, java, NoSQL
BI Technologies (such as Tableau, Jasper, Cognos, Qlik, Looker, and others)
Understanding of Data Management and Data governance best practices
You Will Also Bring These Professional Skills:
Proven ability to lead a group through an architectural development process and collaborate with stakeholders at all levels
Experience leading small technical teams to mentor and guide multiple-disciplined (full stack) technical teams
Ability to discover and define functional requirements and to transform them into technical requirements and solutions
Ability to influence technology strategy and best practices across peer and leadership groups to support an agile development culture
Outstanding communication skills (verbal and written) and ability to communicate with internal and external customers and all levels of management, including communicating technical information to nontechnical audiences
A strong intellectual curiosity to continually challenge what exists and explore what should be changed to best meet evolving business and market
A strong passion to support peers to help meet timelines on larger projects

Joining ARC means joining a team that is motivated, diverse, creative, collaborative and solutions-oriented. We think big, embrace challenges, and explore new ideas to lead the way for the travel industry.
Our employees value the hands-on learning and professional development opportunities that allow them to expand their skills and grow their career in new, dynamic ways.
We offer a highly competitive, comprehensive benefits package so you can worry less and focus on what truly matters.
By joining ARC, you will partner with top minds in the industry as we use data and technology to innovate how the world travels.
EOE M/F/D/V Females and Minorities Encouraged to Apply",3.9,"Airlines Reporting Corporation
3.9","Arlington, VA","Arlington, VA",201 to 500 employees,1984,Company - Private,Financial Transaction Processing,Finance,$100 to $500 million (USD),-1,0,0,72,135,103.5,"Airlines Reporting Corporation
", VA,1,36,1,0,0,1,0
Data Scientist,"$117K-$140K
(Glassdoor est.)","Why We Work at Dun & Bradstreet


We are at a transformational moment in our company journey - and we’re so excited about it. Each day, we are finding new ways to strengthen our award-winning culture, and to accelerate creativity, innovation and growth. Our purpose is to help customers improve business performance with Dun & Bradstreet’s Data Cloud and Live Business Identity, and we’re wildly passionate and committed to this purpose. So, if you’re looking to make an immediate impact at a company that welcomes bold and diverse thinking, come join us!



As a Data Scientist, you will develop novel solutions to market-driven problems using knowledge of the latest ML techniques, rigorous statistical analysis, and practical experience on previous data science projects. You will collaborate with internal and external stakeholders (external customers, other D&B data scientists, sales team members, business unit product leaders, development teams, and global partners) to understand business needs and technical requirements.

You will also:
Serve as a Subject Matter Expert on internal D&B data, and estimation of business size.
Participate and support other teams as needed for all aspects of model development, including design, model implementation, validation, calibration, documentation, product implementation, monitoring, and reporting
Research complex business issues and recommend solutions, including customer data input requirements, other required data sets, modeling approaches, and end products
Basic Qualifications:
Masters in a quantitative / applied field (Engineering, Computer Science, Operations Research, Mathematics, Data Science, Economics, Statistics).
2+ years of experience in data science roles.
Strong knowledge of programming and modeling using Python, R, or SAS.
Strong SQL skills and experience working with large data sets.
Experience working collaboratively, including building and maintaining relationships with internal and external stakeholders/clients.
Experience advising a team on innovative methodologies, data science tools, and environments.
Experience communicating complex ideas to both a technical and non-technical audience.
Experience applying modern machine learning techniques.
Preferred Qualities
Creative and inquisitive in nature, flexibility to learn and apply new methodologies.
Strong writing skills.
Dun & Bradstreet is an Equal Opportunity Employer and all qualified applicants will receive consideration for employment without regard to race, color, religion, creed, sex, age, national origin, citizenship status, disability status, sexual orientation, gender identity or expression, pregnancy, genetic information, protected military and veteran status, ancestry, marital status, medical condition (cancer and genetic characteristics) or any other characteristic protected by law.

We are committed to Equal Employment Opportunity and providing reasonable accommodations to applicants with physical and/or mental disabilities. If you are interested in applying for employment with Dun & Bradstreet and need special assistance or an accommodation to use our website or to apply for a position, please send an e-mail with your request to TalentAcquisitionTeam@dnb.com. Determination on requests for reasonable accommodation are made on a case-by-case basis.

Please note that all Dun & Bradstreet job postings can be found at https://dnb.wd1.myworkdayjobs.com/Careers and all communication from Dun & Bradstreet will come from an email address ending in @dnb.com.",3.0,"Dun & Bradstreet
3.0","Austin, TX","Short Hills, NJ",1001 to 5000 employees,1841,Company - Public,IT Services,Information Technology,$1 to $2 billion (USD),"Experian, Equifax",0,0,117,140,128.5,"Dun & Bradstreet
", TX,0,179,1,0,0,0,0
Jr. Data Analyst,"$39K-$68K
(Glassdoor est.)","Are you ready to make a change? Are you ready to take healthcare to the next level? Then it’s time to join the nation’s leading medical practice association - MGMA.

Here is what you can expect when you join our team:
Competitive pay
Insurance benefits & matching 401k
3 weeks’ vacation
Tuition assistance
On-site fitness center
Volunteer opportunities
About the Role

The Data Solutions department currently has an exciting opportunity for an Jr. Data Analyst to join their team. The Jr. Data Analyst will be responsible for assisting in the verification of data used to produce nationally recognized health care survey products. Duties for this position will include working collaboratively on cross functional teams to review questionnaires, reports, and tools; edit data, interface with customers, prepare survey related mailings, and research product usage and satisfaction. The position will have the opportunity to be involved in exciting projects and work in a great team environment! The ideal Jr. Data Analyst has a passion for learning, works well independently and as a team, and enjoys providing excellent customer service!

Responsibilities
Aid in survey project development.
Provide daily customer support for survey and data product inquiries via phone path and email.
Edit and verify data on returned survey questionnaires, contact survey respondents to verify reported information when needed.
Review and update survey products on MGMA store.
Monitor Member Communities for member generated questions, content and tools and provide feedback for team discussion at daily standups.
Participate in the promotion and marketing of survey participation.
Review and update survey products on MGMA store and web.
Continually monitor and report participation for each survey cycle by reviewing the results and effectiveness of marketing/RE tactics through Eloqua.
Develop and distribute educational materials for surveys and data products.
Participate in review and testing of survey platform, reports, and tools.
Audit process documentation, verify processes with team, and update as necessary.
About You
Bachelor’s Degree in health or business administration, psychology, sociology, statistics, quantitative methods or related field.
1-2 years of experience in health care or business administration, survey research, marketing research or related field.
Exhibits understanding of descriptive statistics.
Knowledge of survey design, sampling, evaluation, and assessment a plus.
Strong skills in Microsoft Office Suite.
About MGMA

Medical Group Management Association (MGMA) is the premier association for professionals who lead medical practice. Since 1926, through data, people, insights, and advocacy, MGMA empowers medical group practices to innovate and create meaningful change in healthcare. With a membership of more than 40,000 medical practice administrators, executives, and leaders, MGMA represents more than 12,500 organizations of all sizes, types, structures and specialties that deliver almost half of the healthcare in the United States.

View all MGMA's open career opportunities here: www.mgma.com/about/careers.",1.9,"MGMA
1.9","Denver, CO","Englewood, CO",51 to 200 employees,1926,Nonprofit Organization,Membership Organizations,Business Services,$25 to $50 million (USD),-1,0,0,39,68,53.5,"MGMA
", CO,0,94,0,0,0,0,1
Data Analyst (Informatica),"$60K-$106K
(Glassdoor est.)","Location: Carmel, Indiana, Eagan, Minnesota, or Little Rock, Arkansas

We’re still hiring! MISO has adapted our recruiting and onboarding processes to accommodate the needs of our prospective employees in light of the current conditions. At MISO, we are committed to the health and safety of our employees while maintaining a reliable bulk electric system. We are proud to offer #workfromhome options to our employees. #stillhiring #hiring

MISO is hiring an experienced Data Analyst to maximize the use of our data so teams can efficiently and effectively make data-driven decisions while managing risks and costs. Connect users with trusted data to drive insights and allow easy access to that data. Work in an Agile environment, help oversee best practices, and work on newer technologies and tools from Informatica and IBM Netezza. This role has the ability to impact the power grid and how important business decisions are made!

As MISO’s Data Analyst, you will:
Oversee and perform ETL development work
Help define and drive the team to use ETL development best practices and standards
Create Informatica workflows to expand the data warehouse
Gather and understand business requirements from both internal MISO departments and external stakeholders supporting data decision making and driving the best outcomes
Understand and demonstrate data management best practices
Participate in a production support rotation for one week a month during business hours
We’re looking for extensive knowledge and experience in the following:
ETL development using Informatica
Data warehousing experience
SQL (or NoSQL database experience such as MongoDB)
IBM Netezza/NPS familiarity
At least 5 years’ experience in a data analyst role
Bachelor’s Degree in a technical-related field or equivalent work experience
Appropriate level will be determined based upon experience and knowledge.

Transformative innovation is happening in the electric industry; from digitalizing homes and distributed resources, to renewable energy and an ever-changing grid. MISO manages the electricity superhighway in the Central U.S. and through use of groundbreaking research and advanced technology, our highly skilled employees ensure power flows reliably to 42 million Americans. Operating the electricity grid, running a robust energy market, planning for a bright future– it’s what our immensely talented and dedicated team does every day.

Watch MISO's 80 Second Video",3.2,"MISO
3.2","Carmel, IN","Carmel, IN",501 to 1000 employees,1998,Nonprofit Organization,Energy,"Oil, Gas, Energy & Utilities",Unknown / Non-Applicable,"PJM Interconnection, Southwest Power Pool",0,0,60,106,83.0,"MISO
", IN,1,22,0,0,0,0,0
Data Analyst,"$35K-$68K
(Glassdoor est.)","Why TrueAccord?

Debt collection is failing consumers. Every year, 77 Million Americans have negative experiences with the collections process, and they deserve a better approach - one that is more relevant, more digital, and less abrasive. That’s why banks, lenders, and industry leaders are coming to TrueAccord for innovative solutions recovering outstanding receivables.

TrueAccord is a category-defining company. We combine machine learning with a human based approach to assist both clients and consumers through a challenging financial process. With a world-class leadership team, passionate and driven team members, and a diverse and growing client base, TrueAccord is well positioned for continued success. Come join our team and disrupt a multi-billion dollar industry that’s been waiting for change.

The Role

TrueAccord’s Analytics team is responsible for driving our business forward with data. The Data Analyst will join a team of highly motivated people who take the TrueAccord mission seriously and are determined to succeed. The core objective of this role is the development and delivery of analyses to cultivate TrueAccord’s strategies and maximize client performance.

As a Data Analyst, you will take an active role in highly complex/sensitive projects, using data and behavioral analytics to intimately understand the debtor population and what levers will affect cohort performance. You will conduct deep explorations into our data to identify trends, produce insights, and build predictive capabilities. You will gather key insights around our product, operations, and performance, and will deliver these to stakeholders to enable informed decision making. This is an exciting, high-profile role that has significant impact on TrueAccord and is integral to the company's success.
Responsibilities
Use applied and behavioral analytics to analyze performance trends and optimize strategy execution.
Conduct root cause analyses to identify and understand key performance drivers.
Produce accountability for business outcomes through KPI creation and monitoring.
Develop forecast models to predict key production drivers and future performance, ensuring accuracy of longer-term strategy views.
Create metrics to track and improve operational efficiency and productivity.
Establish quantitative relationships between production levels and performance to enable opportunity sizing and scenario planning.
Deliver ad-hoc analytical support or reporting using a variety of concepts, practices, and data sources.
Routinely interact with key stakeholders to present performance information or findings from any assigned analyses.
Manage large amounts of data to develop solutions.
Ensure data integrity through the development and use of system controls.
Requirements
A minimum of 2 years of experience using quantitative data analysis to solve problems and drive performance is required
BS/MS degree in an analytical discipline: finance, statistics, physics, applied mathematics, computer science, information systems, engineering, etc.
Ability to build complex models, perform deep analyses, and turn raw data into useful information
A deep understanding of statistical analysis, modeling, experiment design, and common pitfalls of data analysis
Fluency in SQL
Ability to drill into root causes and answer not only “Why” but also “So What”
Ability to present complex information and deliver insights to business partners clearly and concisely
Attention to detail and accuracy, while maintaining a solid awareness of the big picture, are extremely important
Strong interpersonal skills and ability to work effectively, both in a team environment and across operational groups
Must be able to work effectively with little direct supervision and in the face of ambiguity, shifting priorities, and multiple deadlines
Nice to Have
Experience in Financial Services industry--with bonus points coming from relevant experience in the debt collections space
Experience with scenario planning (i.e., “What if” analyses), including the successful use of assumptions in place of key data points
Ability to use data-driven insights to influence process improvements.
Competency with data visualization or business intelligence tools such as Looker, Tableau, or Power BI.
Familiarity with a statistical language such as R or Python.
What TrueAccord offers you + Culture & Benefits

TrueAccord is headquartered in San Francisco and opened a new office in Lenexa, KS in April 2019. We offer a healthy work environment that continuously builds an inclusive & diverse culture where everyone is able to develop the best version of themselves. We are a dynamic group of people who are subject matter experts with a passion for change (and a strong Giphy game).

We promote work/life harmony and increased productivity. Company events are held for all our teams to come together, have fun and learn about one another.

Our teams are crafting solutions to big problems every day. If you’re looking for an opportunity to do impactful work, join TrueAccord and make a difference.


Our Dedication to Diversity & Inclusion

TrueAccord is an equal opportunity employer. We promote, value, and thrive with a diverse & inclusive team. Different perspectives contribute to better solutions and this make us stronger every day. We do not discriminate on the basis of race, religion, color, national origin, gender, sexual orientation, age, marital status, veteran status, or disability status.",3.3,"TrueAccord
3.3","Lenexa, KS","San Francisco, CA",51 to 200 employees,2013,Company - Private,Enterprise Software & Network Solutions,Information Technology,Unknown / Non-Applicable,-1,0,0,35,68,51.5,"TrueAccord
", KS,0,7,1,0,0,0,0
Data Scientist,"$77K-$92K
(Glassdoor est.)","Data Scientist
Affinity Solutions / Marketing Cloud seeks smart, curious, technically savvy candidates to join our cutting-edge data science team. We hire the best and brightest and give them the opportunity to work on industry-leading technologies.
The data sciences team at AFS/Marketing Cloud build models, machine learning algorithms that power all our ad-tech/mar-tech products at scale, develop methodology and tools to precisely and effectively measure market campaign effects, and research in-house and public data sources for consumer spend behavior insights. In this role, you'll have the opportunity to come up with new ideas and solutions that will lead to improvement of our ability to target the right audience, derive insights and provide better measurement methodology for marketing campaigns. You'll access our core data asset and machine learning infrastructure to power your ideas.
Duties and Responsibilities
· Support all clients model building needs, including maintaining and improving current modeling/scoring methodology and processes,
· Provide innovative solutions to customized modeling/scoring/targeting with appropriate ML/statistical tools,
· Provide analytical/statistical support such as marketing test design, projection, campaign measurement, market insights to clients and stakeholders.
· Mine large consumer datasets in the cloud environment to support ad hoc business and statistical analysis,
· Develop and Improve automation capabilities to enable customized delivery of the analytical products to clients,
· Communicate the methodologies and the results to the management, clients and none technical stakeholders.
Basic Qualifications
· Advanced degree in Statistics/Mathematics/Computer Science/Economics or other fields that requires advanced training in data analytics.
· Being able to apply basic statistical/ML concepts and reasoning to address and solve business problems such as targeting, test design, KPI projection and performance measurement.
· Entrepreneurial, highly self-motivated, collaborative, keen attention to detail, willingness and capable learn quickly, and ability to effectively prioritize and execute tasks in a high pressure environment.
· Being flexible to accept different task assignments and able to work on a tight time schedule.
· Excellent command of one or more programming languages; preferably Python, SAS or R
· Familiar with one of the database technologies such as PostgreSQL, MySQL, can write basic SQL queries
· Great communication skills (verbal, written and presentation)
Preferred Qualifications
· Experience or exposure to large consumer and/or demographic data sets.
· Familiarity with data manipulation and cleaning routines and techniques.",3.0,"Affinity Solutions
3.0","New York, NY","New York, NY",51 to 200 employees,1998,Company - Private,Advertising & Marketing,Business Services,Unknown / Non-Applicable,"Commerce Signals, Cardlytics, Yodlee",0,0,77,92,84.5,"Affinity Solutions
", NY,1,22,1,0,0,0,1
Data Scientist,"$74K-$119K
(Glassdoor est.)","As a part of the Data Science team, you will run the development of next-generation platforms for customers micro-segmentation, clusterization, behavior analysis, and prediction as well as building up new improved recommendation systems for the customers.

You will use your expertise to design data science models and frameworks, data processing pipelines, and lead efforts of the ML models productization.

You will use project management skills to manage the deliverables and ensure all stakeholder work is complete on time. You will also manage stakeholder communications and present your project across a wide spectrum of management levels.

Data Scientist is supposed to handle complex problems independently and demonstrate analytical thinking. At this position, you should be able to make judgments and recommendations based on the analysis and interpretation of data.

The position requires excellent communication skills and experience working directly with technical teams as well as with business stakeholders. Being able to present findings in a meaningful and clear way is a must.

Responsibilities:
Work with a team of skilled data scientists and data engineers
Plan the R&D process to fit sprint goals as well as the project milestones.
Design a new solution architecture for customers clusterization, NLP, and prediction analysis.
Drive the collection, cleaning, processing, and analysis of new and existing data sources.
Lead ML models development using Python/Tensorflow/Keras/Spark stack.
Communicate with business stakeholders to clarify their requirements and present the teamwork results.
Learn & stay current on developments in one or more analytics domains: Optimization, Machine Learning, Deep Learning / AI, Simulation, etc.
Requirements:
Advanced degree (MS/PhD) in a relevant technical field (e.g., Computer Science, Mathematics, Applied Mathematics, Statistics, Operations Research) with 5+ years’ experience in related data science, analytics, and model building roles.
Strong practical knowledge of analytical techniques and methodologies such as machine learning (supervised and unsupervised techniques), segmentation, time series modeling, response modeling, lift modeling, survival analysis.
Experience with look-alike modeling and sequential-input models, RNNs (LSTM, GRU, etc.)
Experience with NLP and textual data analysis.
Strong working experience in Python, SQL and NoSQL DBs.
Practical skills in usage of big data technologies and tools including Hadoop, MapReduce, Hive, Spark.
Fluency in such technologies like Tensorflow, keras, scikit, gensim, stanfordNLP, PySpark.
Understanding of and experience with customer intelligence & marketing domains a plus.
Great communication and presentation skills. Proven ability to present progress made by the team to senior business management and the project stakeholders.
Familiarity with cloud ML Platforms (Google AI Platform, Amazon Sagemaker, MS Azure AI Platform) is a plus.
Experience in working across different global cultures is a plus.
We offer:
Opportunity to work on bleeding-edge projects
Work with a highly motivated and dedicated team
Very competitive salary
Flexible schedule
Medical insurance
Benefits program
Corporate social events
Professional development opportunities
NB:

Placement and Staffing Agencies need not apply. We do not work with C2C at this time. At this moment, we are not able to process H1B transfers. Applicants with CPT and OPT visas are welcome to apply.

About Us:

Grid Dynamics is the engineering services company known for transformative, mission-critical cloud solutions for retail, finance and technology sectors.

We architected some of the busiest e-commerce services on the Internet and have never had an outage during the peak season.

Founded in 2006 and headquartered in San Ramon, California with offices throughout the US and Eastern Europe, we focus on big data analytics, omnichannel services, DevOps, and cloud enablement.",3.9,"Grid Dynamics
3.9","Atlanta, GA","San Ramon, CA",1001 to 5000 employees,2006,Company - Private,Enterprise Software & Network Solutions,Information Technology,$50 to $100 million (USD),"Luxoft, EPAM, Capgemini Invent",0,0,74,119,96.5,"Grid Dynamics
", GA,0,14,1,0,1,0,1
Data Scientist,"$80K-$134K
(Glassdoor est.)","Company Description

MMIT is growing from the leading drug coverage data business into a comprehensive, integrated market access company serving pharmaceutical manufacturers, health insurers, PBMs and healthcare IT companies. Their suite of applications is designed to manage an ever-changing proprietary set of pharmacy and medical benefit information and to provide a structured view of complex market access information. By embedding their data and SaaS applications across healthcare, they help ensure transparency, consistency and informed prescription decisions across the MMIT Network. They partner with hundreds of payers and pharma manufacturers ensuring that their products continually capture and analyze coverage and restriction criteria for more than 98% covered lives.

Team Overview

The MMIT Product Management Team is charged with developing, growing and maintaining the MMIT product portfolio that smooth access to lifechanging therapies. This entails managing products through all phases of the product lifecycle, from concept to sunset. The product management team embraces a market-backed perspective, champions unmet client needs, and is committed to a highly accountable and collaborative Product Management approach.

Job Description

MMIT is seeking experienced Data Scientists to meaningful contributes to the growth and development of the MMIT product portfolio. Ideal candidates are comfortable working with large, complex data sets to help inform, simplify and actualize key product capabilities. They will have comfort collaborating with various stakeholders and navigating ambiguity with limited direction. They will dedicate themselves to understanding the MMIT product portfolio (both current capabilities and future product roadmaps) and key data dependencies to inform data models, architecture, and new product development.

To succeed in this role, you will apply your skillset to

· Inform, create and/or maintain master data hierarchy, attributes and structure.

· Bridge claims data and coverage data – Refine existing rules and create and continually improve new methods for accurately assigning pharmacy and medical claims volumes to MMIT controller entities

· Apply data science to the creation of short and long form geographic market and controller entity descriptive narratives (NLP / NLG)

· Translate product management strategy into actionable data science deliverables, guiding development of data models, business rules and other advanced analytical capabilities

· Excel at communicating across a broad set of cross-functional stakeholders.

· Work collaboratively with MMIT product and data teams to develop and/or commercialize analytics use cases that may include market access, coverage / lives, and RWE data

· Effectively partner with external organizations including clients and vendors to develop meaning and projectable analytics about trends in market access dynamics across payers, geographies, indications, drugs, etc.

· Identify and evaluate additional data sources that could be integrated in value enhancing ways.

· Build reports, dashboards and/or other analyses as needed and/or as specific initiatives arise.

· Support various commercial or commercialization efforts as needed.

· Take a leading role in developing data science as a discipline across product management, development and data operations.

Qualifications

Relevant Skills and Experiences

· Postgraduate degree or higher involving machine learning, statistics, or computer science

· Experience of statistical / machine learning projects in academia or commercial sector end to end with proven delivery capability including capturing requirements, designing analysis plans, interfacing with clients and report / manuscript writing

· Experience in applying Natural Language Processing and related AI capabilities.

· Experience working with large and complex healthcare datasets, preferably patient-level longitudinal data and experience with studies of treatment effectiveness/outcomes, disease progression, adherence, healthcare utilization, patient journey, sales targeting, prescription/procedure volumes/shares, provider networks and prescribing/treatment patterns, etc

· Strong related programming skills including experience with good coding practices and a thorough understanding of the data science package landscape. Familiarity with Tableau and PowerBI a plus.

· Familiarity with agile software development practices

· Excellent written and spoken communication skills, including ability to present technical concepts to lay audiences, write analysis plans for projects, contribute to proposals / grant applications, pitch ideas effectively and persuasively to clients / internal stakeholders, etc.

· Demonstrated ability to work both collaboratively to solve complex problems and individually to research/advance areas of interest and exploration

· Proven ability to develop meaningful/valuable analytic insights from multiple data sources and support value through commercialization

Preferred candidates may also have

· Experience supporting or launching Data and Analytics or SaaS-based enterprise product

· Experience in managed markets and pharma market access ecosystem

· Experience in the commercial health insurance industry

· Knowledge of payer marketing, drug development lifecycle and drug launch process

Additional Information

All your information will be kept confidential according to EEO guidelines.

Position will be based in Livingston NJ or Yardley PA

(highly qualified remote applicants will be considered)

Travel Requirements:

Approximately <10>",3.9,"MMIT
3.9","Yardley, PA","Yardley, PA",201 to 500 employees,1994,Company - Private,Biotech & Pharmaceuticals,Biotech & Pharmaceuticals,Unknown / Non-Applicable,-1,0,0,80,134,107.0,"MMIT
", PA,1,26,0,0,0,0,1
"Senior Staff Data Scientist, Applied AI - Visa Research","$112K-$178K
(Glassdoor est.)","As the world's leader in digital payments technology, Visa's mission is to connect the world through the most creative, reliable and secure payment network - enabling individuals, businesses, and economies to thrive. Our advanced global processing network, VisaNet, provides secure and reliable payments around the world, and is capable of handling more than 65,000 transaction messages a second. The company's dedication to innovation drives the rapid growth of connected commerce on any device, and fuels the dream of a cashless future for everyone, everywhere. As the world moves from analog to digital, Visa is applying our brand, products, people, network and scale to reshape the future of commerce.

At Visa, your individuality fits right in. Working here gives you an opportunity to impact the world, invest in your career growth, and be part of an inclusive and diverse workplace. We are a global team of disruptors, trailblazers, innovators and risk-takers who are helping drive economic growth in even the most remote parts of the world, creatively moving the industry forward, and doing meaningful work that brings financial literacy and digital commerce to millions of unbanked and underserved consumers.

You're an Individual. We're the team for you. Together, let's transform the way the world pays.

Visa Research conducts foundational and applied research on the most challenging problems in the payment industry and provides technical thought leadership for the company’s future. Applied AI team focusing on applying cutting-edge AI technology and create business impact to Visa.

POSITION SUMMARY

The Applied AI team in Visa Research is seeking a Senior Staff Data Scientist. This position will report to the Sr. Director of the Applied AI team. In this role, you will play a crucial role in leading projects, collaborating with multiple teams, and delivering solutions with business impact to Visa.

This role will interact with different stake holders, senior executives, research scientists, software engineers and architects, as well as external parties like merchants, financial institutes and senior directors in business team. You will discover opportunities, propose AI based solutions, create project plan, identify KPIs. You will also work closely with product engineers to deploy the solutions.

RESPONSIBILITIES
Solves unique and complex problems and projects to apply artificial intelligence to Visa’s network and solve pain points for our clients
Contributes multiple projects to achieve objectives, deliver innovative technologies, insights and products to Visa business units resolving significant product pain-points and create new growth opportunities
Drives progress despite ambiguity & ability to identify blockers ahead of time.
Identifies key KPIs and create SMART goals
Requires expertise in both Big Data and Deep Learning to carry out specific professional level work within a function, business unit or geography
Designs AI solution (model and implementation) specific to the problem at hand with limited guidance
Full accountability to deliver across team projects spanning multiple domains.
Collaborate across Visa with different teams, business units, software engineering, research scientists & architects
Identifies opportunities in current products/services that can be addressed using AI
Influence, design AI components and execute the development of identified opportunities.
Identifies synergies & leverage them across solutions.
Work with product development (engineering) to ensure deployment of solutions. Deliver prototypes and production code based on need.
Contributes to development of functional strategy and recommend product or service improvement
Stays current in new technologies and champions testing them.
Operates with limited guidance in a complex environment
Delivers business interpretation of results to product and business teams. Put together material to present the solution to business partners.
Understands the product, project and technologies. Strategical thinking on how a product fits with the rest of Visa’s ML and AI offerings.
Basic Qualifications
PhD degree in computer science, computer engineering, electrical engineering, mathematics, or equivalent field with a focus on Deep Learning, Machine Learning, Data Mining, Statistical or other mathematical analysis.
Preferred Qualifications
Strong knowledge of machine learning and deep learning:
Extensive experience with different Deep Learning structures like RNN, CNN etc
Experience with TensorFlow is a plus
Strong understanding of algorithms and data structures
Strong knowledge of Big Data:
Extensive experience with Big Data tools like MapReduce, Hive and Spark
Daily work experience with large datasets with trillions of records
Strong programming skills such as Python, Scala, and Java
Advanced understanding of Visa Datasets is a plus
Expertise in implementing algorithms published in research papers and developing customized algorithms
Strong verbal and written communication skills.
Experience in creation of efficient & resilient AI pipelines to put solutions to production
Knowledge of more than one business/functional area
Experience in payments or related industry is a plus
Publications or presentation in recognized Machine Learning and Data Mining journals/conferences is a plus.
Travel Requirements This position requires the incumbent to travel for work 5% of the time.

Mental/Physical Requirements This position will be performed in an office setting. The position will require the incumbent to sit and stand at a desk, communicate in person and by telephone, frequently operate standard office equipment, such as telephones and computers, and reach with hands and arms.

EEO Statement Visa is an EEO Employer. Qualified applicants will receive consideration for employment without regard to race, color, religion, sex, national origin, sexual orientation, gender identity, disability or protected veteran status. Visa will also consider for employment qualified applicants with criminal histories in a manner consistent with EEOC guidelines and applicable local law.",3.7,"Visa Inc.
3.7","Austin, TX","Foster City, CA",10000+ employees,1958,Company - Public,IT Services,Information Technology,$10+ billion (USD),"American Express, Mastercard, Discover",0,0,112,178,145.0,"Visa Inc.
", TX,0,62,1,0,1,0,0
Senior Research Statistician- Data Scientist,"$99K-$110K
(Glassdoor est.)","Acuity is seeking a Senior Research Statistician- Data Scientist to use statistical knowledge and research skills to solve business problems. The Research Statistician will develop, implement, and interpret statistical models with a strong emphasis on data mining and statistical/predictive modeling. Provides work direction.
ESSENTIAL FUNCTIONS:
Identifies and acquires additional data sources, both internal and external, that can be used to enhance analyses.
Lead the development of analytical models to drive superior business outcomes.
Develop in-depth understanding of drivers for optimization by utilizing statistics and data mining techniques.
Using latest PC tools, develop, enhance and monitor reports and models for other business areas.
Evaluate and use Data Mining Tools.
Support, train, encourage, consult other areas in the company and provide actionable information to management.
Continually monitor database information and future needs.
Explore and acquire data from outside sources.
Use database tools to support other departments
Regular and predictable attendance.
Perform other duties as assigned.
EDUCATION:
Masters/PhD in Statistics, Mathematics, Economics, Operations Research or Computer Science
EXPERIENCE:
5 years P&C insurance, modelling and project leader experience. Programming skills including SAS and R.
OTHER QUALIFICATIONS:
Strong interpersonal, quantitative, problem-solving, computer and conceptual skills.
Aptitude in predictive modeling, multivariate analysis, statistical modeling, data mining techniques and mathematical statistics.
Ability to apply strong programming and data management skills.
Knowledge of and experience with at least one major computer programming language or advanced syntax in a major statistical package.
This job is classified as exempt.",4.8,"Acuity Insurance
4.8","Sheboygan, WI","Sheboygan, WI",1001 to 5000 employees,1925,Company - Private,Insurance Carriers,Insurance,$1 to $2 billion (USD),-1,0,0,99,110,104.5,"Acuity Insurance
", WI,1,95,0,0,0,0,0
